clave,categoria_actinver,clase,exposicion_divisa,horizonte,calificacion,ventana_compra,ventana_venta,liquidacion,isin_serie_b,id_vector_precios,descripcion,fuente_url,fecha_consulta
ACTDUAL,Deuda en pesos - Especializada,fondo_deuda,MXN/USD,Largo plazo,N/A,diaria,diaria,24 h,MX52AC200010,52_ACTDUAL_B,"Deuda; optimiza asignación entre pesos y dólares",https://actinver.com/actdual,2026-09-22
ACTI500,Renta variable - Global,fondo_renta_variable,USD,Largo plazo,N/A,diaria,diaria,24 h,MX52AC0Z0090,52_ACTI500_B,"Busca replicar el S&P 500 mediante ETF",https://actinver.com/acti500,2026-09-22
ACTIAI,Renta variable - Global,fondo_renta_variable,USD,Largo plazo,N/A,diaria,diaria,24 h,MX52DI1G00C6,52_ACTIAI_B,"Renta variable global temática de inteligencia artificial",https://actinver.com/actiai,2026-09-22
ACTICOB,Deuda internacional - En dólares,fondo_deuda,USD,Corto plazo,AAA/3 HR,diaria,diaria,48 h,MX51AC0F00J5,51_ACTICOB_B,"Deuda en dólares de corto plazo, riesgo bajo a moderado",https://actinver.com/acticob,2026-09-22
ACTICRE,Renta variable - Local,fondo_renta_variable,MXN,Largo plazo,N/A,diaria,diaria,24 h,MXP0088U1193,52_ACTICRE_B,"Acciones mexicanas con enfoque de valor",https://actinver.com/acticre,2026-09-22
ACTIG+,Deuda en pesos - Especializada,fondo_deuda,MXN,Mediano plazo,AA/3 HR,anual,anual,48 h,MX51AC1200D0,51_ACTIG+_B,"Deuda con rentas mensuales; compras y ventas anuales",https://actinver.com/actig-,2026-09-22
ACTIG+2,Deuda en pesos - Especializada,fondo_deuda,MXN,Mediano plazo,AAA/1 HR,anual,anual,48 h,MX51AC1P0010,51_ACTIG+2_B,"Deuda con rentas mensuales; compras y ventas anuales",https://actinver.com/actig-2,2026-09-22
ACTIGOB,Deuda en pesos - Primaria,fondo_deuda,MXN,Corto plazo,AAA/2 HR,diaria,diaria,mismo día,MX51AC0H00U8,51_ACTIGOB_B,"Deuda 100 % gubernamental, riesgo bajo",https://actinver.com/actigob,2026-09-22
ACTIMED,Deuda en pesos - Primaria,fondo_deuda,MXN,Mediano plazo,AAA/3 HR,diaria,diaria,24 h,MX51AC0J00I9,51_ACTIMED_B,"Deuda gubernamental y corporativa de mediano plazo",https://actinver.com/actimed,2026-09-22
ACTIPLU,Deuda internacional - En dólares,fondo_deuda,USD,Mediano plazo,AAA/4 HR,diaria,diaria,48 h,MX51AC0500J1,51_ACTIPLU_B,"Deuda de largo plazo en dólares, riesgo moderado a alto",https://actinver.com/actiplu,2026-09-22
ACTIREN,Deuda en pesos - Primaria,fondo_deuda,MXN,Corto plazo,AAA/2 HR,diaria,diaria,mismo día,MX51AC0K00L1,51_ACTIREN_B,"Deuda gubernamental y corporativa de corto plazo",https://actinver.com/actiren,2026-09-22
ACTIVAR,Renta variable - Local,fondo_renta_variable,MXN,Largo plazo,N/A,diaria,diaria,24 h,MXP001301102,52_ACTIVAR_B,"Pasivo; replica el índice de la BMV",https://actinver.com/activar,2026-09-22
ALTERN,Deuda en pesos - Primaria,fondo_deuda,MXN,Largo plazo,AAA/2 HR,diaria,diaria,24 h,MX51AL2G00J8,51_ALTERN_B,"Deuda gubernamental y corporativa de cualquier plazo",https://actinver.com/altern,2026-09-22
DINAMO,Multiactivos,fondo_multiactivo,Global,Largo plazo,N/A,diaria,diaria,24 h,MX52DI0M0013,52_DINAMO_B,"Multiactivo global asesorado por J.P. Morgan AM",https://actinver.com/dinamo,2026-09-22
ESCALA,Deuda internacional - En dólares,fondo_deuda,USD,Largo plazo,AAA/3 HR,diaria,diaria,48 h,MX51ES0300D7,51_ESCALA_B,"Bonos corporativos de EE. UU. con grado de inversión",https://actinver.com/escala,2026-09-22
ESFERA,Renta variable - Global,fondo_renta_variable,EUR/USD,Largo plazo,N/A,diaria,diaria,24 h,MX52ES020093,52_ESFERA_B,"Renta variable europea (referencia VGK)",https://actinver.com/esfera,2026-09-22
JPMRVUS,Renta variable - Global,fondo_renta_variable,USD,Largo plazo,N/A,diaria,diaria,24 h,MX52AC1H0018,52_JPMRVUS_B-1,"Acciones de EE. UU. value y growth, asesorado por J.P. Morgan AM",https://actinver.com/jpmrvus,2026-09-22
MAXIMO,Deuda en pesos - Especializada,fondo_deuda,MXN/USD,Mediano plazo,AA2/ HR,trimestral,trimestral,24 h,MX51MA0C00E1,51_MAXIMO_B,"Bonos corporativos en pesos y dólares con coberturas; ventana trimestral",https://actinver.com/maximo,2026-09-22
MAYA,Renta variable - Local,fondo_renta_variable,MXN,Largo plazo,N/A,diaria,diaria,24 h,MX52MA040075,52_MAYA_B,"Acciones mexicanas",https://actinver.com/maya,2026-09-22
OPORT1,Renta variable - Global,fondo_renta_variable,USD/MXN,Largo plazo,N/A,diaria,diaria,24 h,MX52OP080015,52_OPORT1_B,"Renta variable EE. UU. y México",https://actinver.com/oport1,2026-09-22
ROBOTIK,Renta variable - Global,fondo_renta_variable,USD,Largo plazo,N/A,diaria,diaria,24 h,MX52RO060098,52_ROBOTIK_B,"Renta variable global temática de automatización y robótica",https://actinver.com/robotik,2026-09-22
SALUD,Renta variable - Global,fondo_renta_variable,USD,Largo plazo,N/A,diaria,diaria,24 h,MX52SA0R0013,52_SALUD_B,"Renta variable global del sector salud",https://actinver.com/salud,2026-09-22
TEMATIK,Renta variable - Global,fondo_renta_variable,USD,Largo plazo,N/A,diaria,diaria,24 h,MX52TE0F0017,52_TEMATIK_B,"Renta variable global temática con enfoque ASG",https://actinver.com/tematik,2026-09-22
ACTIRVT,Renta variable - Global,fondo_renta_variable,USD,Largo plazo,N/A,consejo,anual,24 h,MX52OP0F0014,52_ACTIRVT_B,"Renta variable de EE. UU. con capital protegido en pesos; venta anual al concluir la protección",https://actinver.com/actirvt,2026-10-05
PROTEGE,Deuda en pesos - Especializada,fondo_deuda,MXN,Largo plazo,N/A,diaria,diaria,24 h,MX52PR1T00I1,52_PROTEGE_B-1,"Deuda gubernamental de EE. UU. de corto plazo vía ETF UCITS de acumulación, sin exposición cambiaria",https://actinver.com/protege,2026-10-05
