clave,tipo,fuente
AAXJ *,etf,"Pestaña «ETF's» del simulador del Reto (capturas del participante, 5-oct-2026)"
ACWI *,etf,"Pestaña «ETF's» del simulador del Reto (capturas del participante, 5-oct-2026)"
BIL *,etf,"Pestaña «ETF's» del simulador del Reto (capturas del participante, 5-oct-2026)"
BOTZ *,etf,"Pestaña «ETF's» del simulador del Reto (capturas del participante, 5-oct-2026)"
DIA *,etf,"Pestaña «ETF's» del simulador del Reto (capturas del participante, 5-oct-2026)"
EEM *,etf,"Pestaña «ETF's» del simulador del Reto (capturas del participante, 5-oct-2026)"
EWZ *,etf,"Pestaña «ETF's» del simulador del Reto (capturas del participante, 5-oct-2026)"
FAS *,etf,"Pestaña «ETF's» del simulador del Reto (capturas del participante, 5-oct-2026)"
FAZ *,etf,"Pestaña «ETF's» del simulador del Reto (capturas del participante, 5-oct-2026)"
GDX *,etf,"Pestaña «ETF's» del simulador del Reto (capturas del participante, 5-oct-2026)"
GLD *,etf,"Pestaña «ETF's» del simulador del Reto (capturas del participante, 5-oct-2026)"
IAU *,etf,"Pestaña «ETF's» del simulador del Reto (capturas del participante, 5-oct-2026)"
ICLN *,etf,"Pestaña «ETF's» del simulador del Reto (capturas del participante, 5-oct-2026)"
INDA *,etf,"Pestaña «ETF's» del simulador del Reto (capturas del participante, 5-oct-2026)"
IVV *,etf,"Pestaña «ETF's» del simulador del Reto (capturas del participante, 5-oct-2026)"
KWEB *,etf,"Pestaña «ETF's» del simulador del Reto (capturas del participante, 5-oct-2026)"
LIT *,etf,"Pestaña «ETF's» del simulador del Reto (capturas del participante, 5-oct-2026)"
MCHI *,etf,"Pestaña «ETF's» del simulador del Reto (capturas del participante, 5-oct-2026)"
PSQ *,etf,"Pestaña «ETF's» del simulador del Reto (capturas del participante, 5-oct-2026)"
QCLN *,etf,"Pestaña «ETF's» del simulador del Reto (capturas del participante, 5-oct-2026)"
QLD *,etf,"Pestaña «ETF's» del simulador del Reto (capturas del participante, 5-oct-2026)"
QQQ *,etf,"Pestaña «ETF's» del simulador del Reto (capturas del participante, 5-oct-2026)"
SHV *,etf,"Pestaña «ETF's» del simulador del Reto (capturas del participante, 5-oct-2026)"
SHY *,etf,"Pestaña «ETF's» del simulador del Reto (capturas del participante, 5-oct-2026)"
SLV *,etf,"Pestaña «ETF's» del simulador del Reto (capturas del participante, 5-oct-2026)"
SOXL *,etf,"Pestaña «ETF's» del simulador del Reto (capturas del participante, 5-oct-2026)"
SOXS *,etf,"Pestaña «ETF's» del simulador del Reto (capturas del participante, 5-oct-2026)"
SOXX *,etf,"Pestaña «ETF's» del simulador del Reto (capturas del participante, 5-oct-2026)"
SPXL *,etf,"Pestaña «ETF's» del simulador del Reto (capturas del participante, 5-oct-2026)"
SPXS *,etf,"Pestaña «ETF's» del simulador del Reto (capturas del participante, 5-oct-2026)"
SPY *,etf,"Pestaña «ETF's» del simulador del Reto (capturas del participante, 5-oct-2026)"
SPYM *,etf,"Pestaña «ETF's» del simulador del Reto (capturas del participante, 5-oct-2026)"
SQQQ *,etf,"Pestaña «ETF's» del simulador del Reto (capturas del participante, 5-oct-2026)"
TAN *,etf,"Pestaña «ETF's» del simulador del Reto (capturas del participante, 5-oct-2026)"
TECL *,etf,"Pestaña «ETF's» del simulador del Reto (capturas del participante, 5-oct-2026)"
TECS *,etf,"Pestaña «ETF's» del simulador del Reto (capturas del participante, 5-oct-2026)"
TLT *,etf,"Pestaña «ETF's» del simulador del Reto (capturas del participante, 5-oct-2026)"
TNA *,etf,"Pestaña «ETF's» del simulador del Reto (capturas del participante, 5-oct-2026)"
TQQQ *,etf,"Pestaña «ETF's» del simulador del Reto (capturas del participante, 5-oct-2026)"
TZA *,etf,"Pestaña «ETF's» del simulador del Reto (capturas del participante, 5-oct-2026)"
USO *,etf,"Pestaña «ETF's» del simulador del Reto (capturas del participante, 5-oct-2026)"
VEA *,etf,"Pestaña «ETF's» del simulador del Reto (capturas del participante, 5-oct-2026)"
VGT *,etf,"Pestaña «ETF's» del simulador del Reto (capturas del participante, 5-oct-2026)"
VNQ *,etf,"Pestaña «ETF's» del simulador del Reto (capturas del participante, 5-oct-2026)"
VOO *,etf,"Pestaña «ETF's» del simulador del Reto (capturas del participante, 5-oct-2026)"
VT *,etf,"Pestaña «ETF's» del simulador del Reto (capturas del participante, 5-oct-2026)"
VTI *,etf,"Pestaña «ETF's» del simulador del Reto (capturas del participante, 5-oct-2026)"
VWO *,etf,"Pestaña «ETF's» del simulador del Reto (capturas del participante, 5-oct-2026)"
VYM *,etf,"Pestaña «ETF's» del simulador del Reto (capturas del participante, 5-oct-2026)"
XLE *,etf,"Pestaña «ETF's» del simulador del Reto (capturas del participante, 5-oct-2026)"
XLF *,etf,"Pestaña «ETF's» del simulador del Reto (capturas del participante, 5-oct-2026)"
XLK *,etf,"Pestaña «ETF's» del simulador del Reto (capturas del participante, 5-oct-2026)"
XLV *,etf,"Pestaña «ETF's» del simulador del Reto (capturas del participante, 5-oct-2026)"
NAFTRAC ISHRS,etf,"Pestaña «ETF's» del simulador del Reto (capturas del participante, 5-oct-2026)"
ANGELD 10,etf,"Pestaña «ETF's» del simulador del Reto (capturas del participante, 5-oct-2026)"
DIABLOI 10,etf,"Pestaña «ETF's» del simulador del Reto (capturas del participante, 5-oct-2026)"
ACTIRVT B,fondo,"Pestaña «Fondos» del simulador del Reto (capturas del participante, 5-oct-2026)"
PROTEGE B-1,fondo,"Pestaña «Fondos» del simulador del Reto (capturas del participante, 5-oct-2026)"
