id,clave,serie,clave_operable,nombre,clase,categoria,pais,mercado_operable,moneda_operable,zona_horaria_operable,listado_referencia,moneda_referencia,bolsa_referencia,zona_horaria_referencia,estado,secciones_pdf,fuente_verificacion,detalle_verificacion,fecha_verificacion
SIC:AA1,AA1,*,AA1 *,Alcoa Corporation Common Stock ,accion,,,BMV-SIC,MXN,America/Mexico_City,AA,USD,NYSE,America/New_York,activo,Acciones; ETF's (rótulo del PDF),Nasdaq Trader Symbol Directory (sha256 87e0ce9b8306/54992da8be79),ETF=N en directorio. Acción ordinaria.,2026-09-22
SIC:AAL,AAL,*,AAL *,"American Airlines Group, Inc. - Common Stock",accion,,,BMV-SIC,MXN,America/Mexico_City,AAL,USD,NASDAQ,America/New_York,activo,Acciones; ETF's (rótulo del PDF),Nasdaq Trader Symbol Directory (sha256 87e0ce9b8306/54992da8be79),ETF=N en directorio. Acción ordinaria.,2026-09-22
SIC:AAPL,AAPL,*,AAPL *,Apple Inc. - Common Stock,accion,,,BMV-SIC,MXN,America/Mexico_City,AAPL,USD,NASDAQ,America/New_York,activo,Acciones; ETF's (rótulo del PDF),Nasdaq Trader Symbol Directory (sha256 87e0ce9b8306/54992da8be79),ETF=N en directorio. Acción ordinaria.,2026-09-22
SIC:ABBV,ABBV,*,ABBV *,AbbVie Inc. Common Stock,accion,,,BMV-SIC,MXN,America/Mexico_City,ABBV,USD,NYSE,America/New_York,activo,Acciones; ETF's (rótulo del PDF),Nasdaq Trader Symbol Directory (sha256 87e0ce9b8306/54992da8be79),ETF=N en directorio. Acción ordinaria.,2026-09-22
SIC:ABNB,ABNB,*,ABNB *,"Airbnb, Inc. - Class A Common Stock",accion,,,BMV-SIC,MXN,America/Mexico_City,ABNB,USD,NASDAQ,America/New_York,activo,Acciones; ETF's (rótulo del PDF),Nasdaq Trader Symbol Directory (sha256 87e0ce9b8306/54992da8be79),ETF=N en directorio. Acción ordinaria.,2026-09-22
BMV:AC,AC,*,AC *,"ARCA CONTINENTAL, S.A.B. DE C.V.",accion,,MX,BMV,MXN,America/Mexico_City,BMV:AC,MXN,BMV,America/Mexico_City,activo,Acciones; ETF's (rótulo del PDF),BMV Información de emisoras XLS (sha256 6f202ee37815),Clave presente en el listado de emisoras de la BMV.,2026-09-22
BMV:ACTINVR,ACTINVR,B,ACTINVR B,"CORPORACION ACTINVER, S.A.B. DE C.V.",accion,,MX,BMV,MXN,America/Mexico_City,BMV:ACTINVR,MXN,BMV,America/Mexico_City,activo,Acciones; ETF's (rótulo del PDF),BMV Información de emisoras XLS (sha256 6f202ee37815),Clave presente en el listado de emisoras de la BMV.,2026-09-22
SIC:AFRM,AFRM,*,AFRM *,"Affirm Holdings, Inc. - Class A Common Stock",accion,,,BMV-SIC,MXN,America/Mexico_City,AFRM,USD,NASDAQ,America/New_York,activo,Acciones; ETF's (rótulo del PDF),Nasdaq Trader Symbol Directory (sha256 87e0ce9b8306/54992da8be79),ETF=N en directorio. Acción ordinaria.,2026-09-22
SIC:AGNC,AGNC,*,AGNC *,AGNC Investment Corp. - Common Stock,reit,,,BMV-SIC,MXN,America/Mexico_City,AGNC,USD,NASDAQ,America/New_York,activo,Acciones; ETF's (rótulo del PDF),Nasdaq Trader Symbol Directory (sha256 87e0ce9b8306/54992da8be79),ETF=N en directorio.,2026-09-22
BMV:ALFA,ALFA,A,ALFA A,,accion,,MX,BMV,MXN,America/Mexico_City,BMV:ALFA,MXN,BMV,America/Mexico_City,por_confirmar,Acciones; ETF's (rótulo del PDF),BMV Información de emisoras XLS (sha256 6f202ee37815),El XLS vigente de la BMV no contiene ALFA y sí SIGMAF (Sigma Foods): probable cambio de clave tras la reorganización de Alfa. Confirmar antes de usar.,2026-09-22
BMV:ALPEK,ALPEK,A,ALPEK A,"ALPEK, S.A.B. DE C.V.",accion,,MX,BMV,MXN,America/Mexico_City,BMV:ALPEK,MXN,BMV,America/Mexico_City,activo,Acciones; ETF's (rótulo del PDF),BMV Información de emisoras XLS (sha256 6f202ee37815),Clave presente en el listado de emisoras de la BMV.,2026-09-22
BMV:ALSEA,ALSEA,*,ALSEA *,"ALSEA, S.A.B. DE C.V.",accion,,MX,BMV,MXN,America/Mexico_City,BMV:ALSEA,MXN,BMV,America/Mexico_City,activo,Acciones; ETF's (rótulo del PDF),BMV Información de emisoras XLS (sha256 6f202ee37815),Clave presente en el listado de emisoras de la BMV.,2026-09-22
SIC:AMAT,AMAT,*,AMAT *,"Applied Materials, Inc. - Common Stock",accion,,,BMV-SIC,MXN,America/Mexico_City,AMAT,USD,NASDAQ,America/New_York,activo,Acciones; ETF's (rótulo del PDF),Nasdaq Trader Symbol Directory (sha256 87e0ce9b8306/54992da8be79),ETF=N en directorio. Acción ordinaria.,2026-09-22
SIC:AMD,AMD,*,AMD *,"Advanced Micro Devices, Inc. - Common Stock",accion,,,BMV-SIC,MXN,America/Mexico_City,AMD,USD,NASDAQ,America/New_York,activo,Acciones; ETF's (rótulo del PDF),Nasdaq Trader Symbol Directory (sha256 87e0ce9b8306/54992da8be79),ETF=N en directorio. Acción ordinaria.,2026-09-22
BMV:AMX,AMX,B,AMX B,"AMERICA MOVIL, S.A.B. DE C.V.",accion,,MX,BMV,MXN,America/Mexico_City,BMV:AMX,MXN,BMV,America/Mexico_City,activo,Acciones; ETF's (rótulo del PDF),BMV Información de emisoras XLS (sha256 6f202ee37815),Clave presente en el listado de emisoras de la BMV.,2026-09-22
SIC:AMZN,AMZN,*,AMZN *,"Amazon.com, Inc. - Common Stock",accion,,,BMV-SIC,MXN,America/Mexico_City,AMZN,USD,NASDAQ,America/New_York,activo,Acciones; ETF's (rótulo del PDF),Nasdaq Trader Symbol Directory (sha256 87e0ce9b8306/54992da8be79),ETF=N en directorio. Acción ordinaria.,2026-09-22
BMV:ASUR,ASUR,B,ASUR B,"GRUPO AEROPORTUARIO DEL SURESTE, S.A.B. DE C.V.",accion,,MX,BMV,MXN,America/Mexico_City,BMV:ASUR,MXN,BMV,America/Mexico_City,activo,Acciones; ETF's (rótulo del PDF),BMV Información de emisoras XLS (sha256 6f202ee37815),Clave presente en el listado de emisoras de la BMV.,2026-09-22
SIC:AVGO,AVGO,*,AVGO *,Broadcom Inc. - Common Stock,accion,,,BMV-SIC,MXN,America/Mexico_City,AVGO,USD,NASDAQ,America/New_York,activo,Acciones; ETF's (rótulo del PDF),Nasdaq Trader Symbol Directory (sha256 87e0ce9b8306/54992da8be79),ETF=N en directorio. Acción ordinaria.,2026-09-22
SIC:AXP,AXP,*,AXP *,American Express Company Common Stock,accion,,,BMV-SIC,MXN,America/Mexico_City,AXP,USD,NYSE,America/New_York,activo,Acciones; ETF's (rótulo del PDF),Nasdaq Trader Symbol Directory (sha256 87e0ce9b8306/54992da8be79),ETF=N en directorio. Acción ordinaria.,2026-09-22
SIC:BA,BA,*,BA *,Boeing Company (The) Common Stock,accion,,,BMV-SIC,MXN,America/Mexico_City,BA,USD,NYSE,America/New_York,activo,Acciones; ETF's (rótulo del PDF),Nasdaq Trader Symbol Directory (sha256 87e0ce9b8306/54992da8be79),ETF=N en directorio. Acción ordinaria.,2026-09-22
SIC:BABA,BABA,N,BABA N,Alibaba Group Holding Limited American Depositary Shares each representing eight Ordinary share,accion,,,BMV-SIC,MXN,America/Mexico_City,BABA,USD,NYSE,America/New_York,activo,Acciones; ETF's (rótulo del PDF),Nasdaq Trader Symbol Directory (sha256 87e0ce9b8306/54992da8be79),ETF=N en directorio. Acción (ADR/ADS de emisora extranjera).,2026-09-22
SIC:BAC,BAC,*,BAC *,Bank of America Corporation Common Stock,accion,,,BMV-SIC,MXN,America/Mexico_City,BAC,USD,NYSE,America/New_York,activo,Acciones; ETF's (rótulo del PDF),Nasdaq Trader Symbol Directory (sha256 87e0ce9b8306/54992da8be79),ETF=N en directorio. Acción ordinaria.,2026-09-22
BMV:BBAJIO,BBAJIO,O,BBAJIO O,"BANCO DEL BAJÍO, S.A., INSTITUCIÓN DE BANCA MÚLTIPLE",accion,,MX,BMV,MXN,America/Mexico_City,BMV:BBAJIO,MXN,BMV,America/Mexico_City,activo,Acciones; ETF's (rótulo del PDF),BMV Información de emisoras XLS (sha256 6f202ee37815),Clave presente en el listado de emisoras de la BMV.,2026-09-22
BMV:BIMBO,BIMBO,A,BIMBO A,"GRUPO BIMBO, S.A.B. DE C.V.",accion,,MX,BMV,MXN,America/Mexico_City,BMV:BIMBO,MXN,BMV,America/Mexico_City,activo,Acciones; ETF's (rótulo del PDF),BMV Información de emisoras XLS (sha256 6f202ee37815),Clave presente en el listado de emisoras de la BMV.,2026-09-22
SIC:BMY,BMY,*,BMY *,Bristol-Myers Squibb Company Common Stock,accion,,,BMV-SIC,MXN,America/Mexico_City,BMY,USD,NYSE,America/New_York,activo,Acciones; ETF's (rótulo del PDF),Nasdaq Trader Symbol Directory (sha256 87e0ce9b8306/54992da8be79),ETF=N en directorio. Acción ordinaria.,2026-09-22
BMV:BOLSA,BOLSA,A,BOLSA A,"BOLSA MEXICANA DE VALORES, S.A.B. DE C.V.",accion,,MX,BMV,MXN,America/Mexico_City,BMV:BOLSA,MXN,BMV,America/Mexico_City,activo,Acciones; ETF's (rótulo del PDF),BMV Información de emisoras XLS (sha256 6f202ee37815),Clave presente en el listado de emisoras de la BMV.,2026-09-22
SIC:BRKB,BRKB,*,BRKB *,Berkshire Hathaway Inc. New Common Stock,accion,,,BMV-SIC,MXN,America/Mexico_City,BRK.B,USD,NYSE,America/New_York,activo,Acciones; ETF's (rótulo del PDF),Nasdaq Trader Symbol Directory (sha256 87e0ce9b8306/54992da8be79),ETF=N en directorio. Acción ordinaria.,2026-09-22
SIC:C,C,*,C *,"Citigroup, Inc. Common Stock",accion,,,BMV-SIC,MXN,America/Mexico_City,C,USD,NYSE,America/New_York,activo,Acciones; ETF's (rótulo del PDF),Nasdaq Trader Symbol Directory (sha256 87e0ce9b8306/54992da8be79),ETF=N en directorio. Acción ordinaria.,2026-09-22
SIC:CAT,CAT,*,CAT *,"Caterpillar, Inc. Common Stock",accion,,,BMV-SIC,MXN,America/Mexico_City,CAT,USD,NYSE,America/New_York,activo,Acciones; ETF's (rótulo del PDF),Nasdaq Trader Symbol Directory (sha256 87e0ce9b8306/54992da8be79),ETF=N en directorio. Acción ordinaria.,2026-09-22
SIC:CCL1,CCL1,N,CCL1 N,Carnival Corporation Ltd. Common Shares,accion,,,BMV-SIC,MXN,America/Mexico_City,CCL,USD,NYSE,America/New_York,activo,Acciones; ETF's (rótulo del PDF),Nasdaq Trader Symbol Directory (sha256 87e0ce9b8306/54992da8be79),ETF=N en directorio. Acción ordinaria.,2026-09-22
BMV:CEMEX,CEMEX,CPO,CEMEX CPO,"CEMEX, S.A.B. DE C.V.",accion,,MX,BMV,MXN,America/Mexico_City,BMV:CEMEX,MXN,BMV,America/Mexico_City,activo,Acciones; ETF's (rótulo del PDF),BMV Información de emisoras XLS (sha256 6f202ee37815),Clave presente en el listado de emisoras de la BMV.,2026-09-22
BMV:CHDRAUI,CHDRAUI,B,CHDRAUI B,"GRUPO COMERCIAL CHEDRAUI, S.A.B. DE C.V.",accion,,MX,BMV,MXN,America/Mexico_City,BMV:CHDRAUI,MXN,BMV,America/Mexico_City,activo,Acciones; ETF's (rótulo del PDF),BMV Información de emisoras XLS (sha256 6f202ee37815),Clave presente en el listado de emisoras de la BMV.,2026-09-22
SIC:CLF,CLF,*,CLF *,Cleveland-Cliffs Inc. Common Stock,accion,,,BMV-SIC,MXN,America/Mexico_City,CLF,USD,NYSE,America/New_York,activo,Acciones; ETF's (rótulo del PDF),Nasdaq Trader Symbol Directory (sha256 87e0ce9b8306/54992da8be79),ETF=N en directorio. Acción ordinaria.,2026-09-22
SIC:COST,COST,*,COST *,Costco Wholesale Corporation - Common Stock,accion,,,BMV-SIC,MXN,America/Mexico_City,COST,USD,NASDAQ,America/New_York,activo,Acciones; ETF's (rótulo del PDF),Nasdaq Trader Symbol Directory (sha256 87e0ce9b8306/54992da8be79),ETF=N en directorio. Acción ordinaria.,2026-09-22
SIC:CPE,CPE,*,CPE *,,accion,,,BMV-SIC,MXN,America/Mexico_City,CPE,USD,,America/New_York,deslistado_o_cambio,Acciones; ETF's (rótulo del PDF),Nasdaq Trader Symbol Directory (sha256 87e0ce9b8306/54992da8be79),Símbolo ausente del directorio de EE. UU. vigente. Callon Petroleum fue adquirida por APA Corp. (2024).,2026-09-22
SIC:CRM,CRM,*,CRM *,"Salesforce, Inc. Common Stock",accion,,,BMV-SIC,MXN,America/Mexico_City,CRM,USD,NYSE,America/New_York,activo,Acciones; ETF's (rótulo del PDF),Nasdaq Trader Symbol Directory (sha256 87e0ce9b8306/54992da8be79),ETF=N en directorio. Acción ordinaria.,2026-09-22
SIC:CSCO,CSCO,*,CSCO *,"Cisco Systems, Inc. - Common Stock",accion,,,BMV-SIC,MXN,America/Mexico_City,CSCO,USD,NASDAQ,America/New_York,activo,Acciones; ETF's (rótulo del PDF),Nasdaq Trader Symbol Directory (sha256 87e0ce9b8306/54992da8be79),ETF=N en directorio. Acción ordinaria.,2026-09-22
BMV:CUERVO,CUERVO,*,CUERVO *,"BECLE, S.A.B. DE C.V.",accion,,MX,BMV,MXN,America/Mexico_City,BMV:CUERVO,MXN,BMV,America/Mexico_City,activo,Acciones; ETF's (rótulo del PDF),BMV Información de emisoras XLS (sha256 6f202ee37815),Clave presente en el listado de emisoras de la BMV.,2026-09-22
SIC:CVS,CVS,*,CVS *,CVS Health Corporation Common Stock,accion,,,BMV-SIC,MXN,America/Mexico_City,CVS,USD,NYSE,America/New_York,activo,Acciones; ETF's (rótulo del PDF),Nasdaq Trader Symbol Directory (sha256 87e0ce9b8306/54992da8be79),ETF=N en directorio. Acción ordinaria.,2026-09-22
SIC:CVX,CVX,*,CVX *,Chevron Corporation Common Stock,accion,,,BMV-SIC,MXN,America/Mexico_City,CVX,USD,NYSE,America/New_York,activo,Acciones; ETF's (rótulo del PDF),Nasdaq Trader Symbol Directory (sha256 87e0ce9b8306/54992da8be79),ETF=N en directorio. Acción ordinaria.,2026-09-22
SIC:DAL,DAL,*,DAL *,"Delta Air Lines, Inc. Common Stock",accion,,,BMV-SIC,MXN,America/Mexico_City,DAL,USD,NYSE,America/New_York,activo,Acciones; ETF's (rótulo del PDF),Nasdaq Trader Symbol Directory (sha256 87e0ce9b8306/54992da8be79),ETF=N en directorio. Acción ordinaria.,2026-09-22
SIC:DIS,DIS,*,DIS *,Walt Disney Company (The) Common Stock,accion,,,BMV-SIC,MXN,America/Mexico_City,DIS,USD,NYSE,America/New_York,activo,Acciones; ETF's (rótulo del PDF),Nasdaq Trader Symbol Directory (sha256 87e0ce9b8306/54992da8be79),ETF=N en directorio. Acción ordinaria.,2026-09-22
SIC:DVN,DVN,*,DVN *,Devon Energy Corporation Common Stock,accion,,,BMV-SIC,MXN,America/Mexico_City,DVN,USD,NYSE,America/New_York,activo,Acciones; ETF's (rótulo del PDF),Nasdaq Trader Symbol Directory (sha256 87e0ce9b8306/54992da8be79),ETF=N en directorio. Acción ordinaria.,2026-09-22
BMV:ELEKTRA,ELEKTRA,*,ELEKTRA *,,accion,,MX,BMV,MXN,America/Mexico_City,BMV:ELEKTRA,MXN,BMV,America/Mexico_City,por_confirmar,Acciones; ETF's (rótulo del PDF),BMV Información de emisoras XLS (sha256 6f202ee37815),No figura en el XLS vigente de emisoras de la BMV: revisar suspensión o desliste.,2026-09-22
SIC:ETSY,ETSY,*,ETSY *,"Etsy, Inc. Common Stock",accion,,,BMV-SIC,MXN,America/Mexico_City,ETSY,USD,NYSE,America/New_York,activo,Acciones; ETF's (rótulo del PDF),Nasdaq Trader Symbol Directory (sha256 87e0ce9b8306/54992da8be79),ETF=N en directorio. Acción ordinaria.,2026-09-22
SIC:F,F,*,F *,Ford Motor Company Common Stock,accion,,,BMV-SIC,MXN,America/Mexico_City,F,USD,NYSE,America/New_York,activo,Acciones; ETF's (rótulo del PDF),Nasdaq Trader Symbol Directory (sha256 87e0ce9b8306/54992da8be79),ETF=N en directorio. Acción ordinaria.,2026-09-22
SIC:FANG,FANG,*,FANG *,"Diamondback Energy, Inc. - Common Stock",accion,,,BMV-SIC,MXN,America/Mexico_City,FANG,USD,NASDAQ,America/New_York,activo,Acciones; ETF's (rótulo del PDF),Nasdaq Trader Symbol Directory (sha256 87e0ce9b8306/54992da8be79),ETF=N en directorio. Acción ordinaria.,2026-09-22
SIC:FCX,FCX,*,FCX *,"Freeport-McMoRan, Inc. Common Stock",accion,,,BMV-SIC,MXN,America/Mexico_City,FCX,USD,NYSE,America/New_York,activo,Acciones; ETF's (rótulo del PDF),Nasdaq Trader Symbol Directory (sha256 87e0ce9b8306/54992da8be79),ETF=N en directorio. Acción ordinaria.,2026-09-22
SIC:FDX,FDX,*,FDX *,FedEx Corporation Common Stock,accion,,,BMV-SIC,MXN,America/Mexico_City,FDX,USD,NYSE,America/New_York,activo,Acciones; ETF's (rótulo del PDF),Nasdaq Trader Symbol Directory (sha256 87e0ce9b8306/54992da8be79),ETF=N en directorio. Acción ordinaria.,2026-09-22
BMV:FEMSA,FEMSA,UBD,FEMSA UBD,"FOMENTO ECONÓMICO MEXICANO, S.A.B. DE C.V.",accion,,MX,BMV,MXN,America/Mexico_City,BMV:FEMSA,MXN,BMV,America/Mexico_City,activo,Acciones; ETF's (rótulo del PDF),BMV Información de emisoras XLS (sha256 6f202ee37815),Clave presente en el listado de emisoras de la BMV.,2026-09-22
BMV:FIBRAMQ,FIBRAMQ,12,FIBRAMQ 12,,fibra,,MX,BMV,MXN,America/Mexico_City,BMV:FIBRAMQ,MXN,BMV,America/Mexico_City,activo,Acciones; ETF's (rótulo del PDF),BMV Información de emisoras XLS (sha256 6f202ee37815),"CBFI de FIBRA inmobiliaria; la lista XLS de capitales de la BMV no incluye FIBRA, clase asignada por estructura jurídica (fideicomiso).",2026-09-22
BMV:FIBRAPL,FIBRAPL,14,FIBRAPL 14,,fibra,,MX,BMV,MXN,America/Mexico_City,BMV:FIBRAPL,MXN,BMV,America/Mexico_City,activo,Acciones; ETF's (rótulo del PDF),BMV Información de emisoras XLS (sha256 6f202ee37815),"CBFI de FIBRA inmobiliaria; la lista XLS de capitales de la BMV no incluye FIBRA, clase asignada por estructura jurídica (fideicomiso).",2026-09-22
SIC:FSLR,FSLR,*,FSLR *,"First Solar, Inc. - Common Stock",accion,,,BMV-SIC,MXN,America/Mexico_City,FSLR,USD,NASDAQ,America/New_York,activo,Acciones; ETF's (rótulo del PDF),Nasdaq Trader Symbol Directory (sha256 87e0ce9b8306/54992da8be79),ETF=N en directorio. Acción ordinaria.,2026-09-22
SIC:FUBO,FUBO,*,FUBO *,FuboTV Inc. Class A Common Stock,accion,,,BMV-SIC,MXN,America/Mexico_City,FUBO,USD,NYSE,America/New_York,activo,Acciones; ETF's (rótulo del PDF),Nasdaq Trader Symbol Directory (sha256 87e0ce9b8306/54992da8be79),ETF=N en directorio. Acción ordinaria.,2026-09-22
BMV:FUNO,FUNO,11,FUNO 11,,fibra,,MX,BMV,MXN,America/Mexico_City,BMV:FUNO,MXN,BMV,America/Mexico_City,activo,Acciones; ETF's (rótulo del PDF),BMV Información de emisoras XLS (sha256 6f202ee37815),"CBFI de FIBRA inmobiliaria; la lista XLS de capitales de la BMV no incluye FIBRA, clase asignada por estructura jurídica (fideicomiso).",2026-09-22
BMV:GAP,GAP,B,GAP B,"GRUPO AEROPORTUARIO DEL PACIFICO, S.A.B. DE C.V.",accion,,MX,BMV,MXN,America/Mexico_City,BMV:GAP,MXN,BMV,America/Mexico_City,activo,Acciones; ETF's (rótulo del PDF),BMV Información de emisoras XLS (sha256 6f202ee37815),Clave presente en el listado de emisoras de la BMV.,2026-09-22
BMV:GCARSO,GCARSO,A1,GCARSO A1,"GRUPO CARSO, S.A.B. DE C.V.",accion,,MX,BMV,MXN,America/Mexico_City,BMV:GCARSO,MXN,BMV,America/Mexico_City,activo,Acciones; ETF's (rótulo del PDF),BMV Información de emisoras XLS (sha256 6f202ee37815),Clave presente en el listado de emisoras de la BMV.,2026-09-22
BMV:GCC,GCC,*,GCC *,"GCC, S.A.B. DE C.V.",accion,,MX,BMV,MXN,America/Mexico_City,BMV:GCC,MXN,BMV,America/Mexico_City,activo,Acciones; ETF's (rótulo del PDF),BMV Información de emisoras XLS (sha256 6f202ee37815),Clave presente en el listado de emisoras de la BMV.,2026-09-22
SIC:GE,GE,*,GE *,GE Aerospace Common Stock,accion,,,BMV-SIC,MXN,America/Mexico_City,GE,USD,NYSE,America/New_York,activo,Acciones; ETF's (rótulo del PDF),Nasdaq Trader Symbol Directory (sha256 87e0ce9b8306/54992da8be79),ETF=N en directorio. Acción ordinaria.,2026-09-22
BMV:GENTERA,GENTERA,*,GENTERA *,"GENTERA, S.A.B. DE C.V.",accion,,MX,BMV,MXN,America/Mexico_City,BMV:GENTERA,MXN,BMV,America/Mexico_City,activo,Acciones; ETF's (rótulo del PDF),BMV Información de emisoras XLS (sha256 6f202ee37815),Clave presente en el listado de emisoras de la BMV.,2026-09-22
BMV:GFINBUR,GFINBUR,O,GFINBUR O,"GRUPO FINANCIERO INBURSA, S.A.B. DE C.V.",accion,,MX,BMV,MXN,America/Mexico_City,BMV:GFINBUR,MXN,BMV,America/Mexico_City,activo,Acciones; ETF's (rótulo del PDF),BMV Información de emisoras XLS (sha256 6f202ee37815),Clave presente en el listado de emisoras de la BMV.,2026-09-22
BMV:GFNORTE,GFNORTE,O,GFNORTE O,"GRUPO FINANCIERO BANORTE, S.A.B DE C.V.",accion,,MX,BMV,MXN,America/Mexico_City,BMV:GFNORTE,MXN,BMV,America/Mexico_City,activo,Acciones; ETF's (rótulo del PDF),BMV Información de emisoras XLS (sha256 6f202ee37815),Clave presente en el listado de emisoras de la BMV.,2026-09-22
SIC:GM,GM,*,GM *,General Motors Company Common Stock,accion,,,BMV-SIC,MXN,America/Mexico_City,GM,USD,NYSE,America/New_York,activo,Acciones; ETF's (rótulo del PDF),Nasdaq Trader Symbol Directory (sha256 87e0ce9b8306/54992da8be79),ETF=N en directorio. Acción ordinaria.,2026-09-22
SIC:GME,GME,*,GME *,GameStop Corporation Common Stock,accion,,,BMV-SIC,MXN,America/Mexico_City,GME,USD,NYSE,America/New_York,activo,Acciones; ETF's (rótulo del PDF),Nasdaq Trader Symbol Directory (sha256 87e0ce9b8306/54992da8be79),ETF=N en directorio. Acción ordinaria.,2026-09-22
BMV:GMEXICO,GMEXICO,B,GMEXICO B,"GRUPO MEXICO, S.A.B. DE C.V.",accion,,MX,BMV,MXN,America/Mexico_City,BMV:GMEXICO,MXN,BMV,America/Mexico_City,activo,Acciones; ETF's (rótulo del PDF),BMV Información de emisoras XLS (sha256 6f202ee37815),Clave presente en el listado de emisoras de la BMV.,2026-09-22
SIC:GOLD,GOLD,N,GOLD N,,accion,,,BMV-SIC,MXN,America/Mexico_City,GOLD,USD,,America/New_York,clave_reasignada,Acciones; ETF's (rótulo del PDF),Nasdaq Trader Symbol Directory (sha256 87e0ce9b8306/54992da8be79),"La clave GOLD hoy corresponde a «Gold.com, Inc. Common Stock», no al emisor esperado (barrick). Barrick cambió su clave en NYSE de GOLD a B (2025).",2026-09-22
SIC:GOOGL,GOOGL,*,GOOGL *,Alphabet Inc. - Class A Common Stock,accion,,,BMV-SIC,MXN,America/Mexico_City,GOOGL,USD,NASDAQ,America/New_York,activo,Acciones; ETF's (rótulo del PDF),Nasdaq Trader Symbol Directory (sha256 87e0ce9b8306/54992da8be79),ETF=N en directorio. Acción ordinaria.,2026-09-22
BMV:GRUMA,GRUMA,B,GRUMA B,"GRUMA, S.A.B. DE C.V.",accion,,MX,BMV,MXN,America/Mexico_City,BMV:GRUMA,MXN,BMV,America/Mexico_City,activo,Acciones; ETF's (rótulo del PDF),BMV Información de emisoras XLS (sha256 6f202ee37815),Clave presente en el listado de emisoras de la BMV.,2026-09-22
SIC:HD,HD,*,HD *,"Home Depot, Inc. (The) Common Stock",accion,,,BMV-SIC,MXN,America/Mexico_City,HD,USD,NYSE,America/New_York,activo,Acciones; ETF's (rótulo del PDF),Nasdaq Trader Symbol Directory (sha256 87e0ce9b8306/54992da8be79),ETF=N en directorio. Acción ordinaria.,2026-09-22
SIC:INTC,INTC,*,INTC *,Intel Corporation - Common Stock,accion,,,BMV-SIC,MXN,America/Mexico_City,INTC,USD,NASDAQ,America/New_York,activo,Acciones; ETF's (rótulo del PDF),Nasdaq Trader Symbol Directory (sha256 87e0ce9b8306/54992da8be79),ETF=N en directorio. Acción ordinaria.,2026-09-22
SIC:JNJ,JNJ,*,JNJ *,Johnson & Johnson Common Stock,accion,,,BMV-SIC,MXN,America/Mexico_City,JNJ,USD,NYSE,America/New_York,activo,Acciones; ETF's (rótulo del PDF),Nasdaq Trader Symbol Directory (sha256 87e0ce9b8306/54992da8be79),ETF=N en directorio. Acción ordinaria.,2026-09-22
SIC:JPM,JPM,*,JPM *,JP Morgan Chase & Co. Common Stock,accion,,,BMV-SIC,MXN,America/Mexico_City,JPM,USD,NYSE,America/New_York,activo,Acciones; ETF's (rótulo del PDF),Nasdaq Trader Symbol Directory (sha256 87e0ce9b8306/54992da8be79),ETF=N en directorio. Acción ordinaria.,2026-09-22
BMV:KIMBER,KIMBER,A,KIMBER A,KIMBERLY - CLARK DE MEXICO S.A.B. DE C.V.,accion,,MX,BMV,MXN,America/Mexico_City,BMV:KIMBER,MXN,BMV,America/Mexico_City,activo,Acciones; ETF's (rótulo del PDF),BMV Información de emisoras XLS (sha256 6f202ee37815),Clave presente en el listado de emisoras de la BMV.,2026-09-22
SIC:KO,KO,*,KO *,Coca-Cola Company (The) Common Stock,accion,,,BMV-SIC,MXN,America/Mexico_City,KO,USD,NYSE,America/New_York,activo,Acciones; ETF's (rótulo del PDF),Nasdaq Trader Symbol Directory (sha256 87e0ce9b8306/54992da8be79),ETF=N en directorio. Acción ordinaria.,2026-09-22
BMV:KOF,KOF,UBL,KOF UBL,"COCA-COLA FEMSA, S.A.B. DE C.V.",accion,,MX,BMV,MXN,America/Mexico_City,BMV:KOF,MXN,BMV,America/Mexico_City,activo,Acciones; ETF's (rótulo del PDF),BMV Información de emisoras XLS (sha256 6f202ee37815),Clave presente en el listado de emisoras de la BMV.,2026-09-22
BMV:LAB,LAB,B,LAB B,"GENOMMA LAB INTERNACIONAL, S.A.B. DE C.V.",accion,,MX,BMV,MXN,America/Mexico_City,BMV:LAB,MXN,BMV,America/Mexico_City,activo,Acciones; ETF's (rótulo del PDF),BMV Información de emisoras XLS (sha256 6f202ee37815),Clave presente en el listado de emisoras de la BMV.,2026-09-22
BMV:LASITE,LASITE,B-1,LASITE B-1,"SITIOS LATINOAMÉRICA, S.A.B. DE C.V.",accion,,MX,BMV,MXN,America/Mexico_City,BMV:LASITE,MXN,BMV,America/Mexico_City,activo,Acciones; ETF's (rótulo del PDF),BMV Información de emisoras XLS (sha256 6f202ee37815),Clave presente en el listado de emisoras de la BMV.,2026-09-22
SIC:LCID,LCID,*,LCID *,"Lucid Group, Inc. - Common Stock",accion,,,BMV-SIC,MXN,America/Mexico_City,LCID,USD,NASDAQ,America/New_York,activo,Acciones; ETF's (rótulo del PDF),Nasdaq Trader Symbol Directory (sha256 87e0ce9b8306/54992da8be79),ETF=N en directorio. Acción ordinaria.,2026-09-22
BMV:LIVEPOL,LIVEPOL,C-1,LIVEPOL C-1,"EL PUERTO DE LIVERPOOL, S.A.B. DE C.V.",accion,,MX,BMV,MXN,America/Mexico_City,BMV:LIVEPOL,MXN,BMV,America/Mexico_City,activo,Acciones; ETF's (rótulo del PDF),BMV Información de emisoras XLS (sha256 6f202ee37815),Clave presente en el listado de emisoras de la BMV.,2026-09-22
SIC:LLY,LLY,*,LLY *,Eli Lilly and Company Common Stock,accion,,,BMV-SIC,MXN,America/Mexico_City,LLY,USD,NYSE,America/New_York,activo,Acciones; ETF's (rótulo del PDF),Nasdaq Trader Symbol Directory (sha256 87e0ce9b8306/54992da8be79),ETF=N en directorio. Acción ordinaria.,2026-09-22
SIC:LUV,LUV,*,LUV *,Southwest Airlines Company Common Stock,accion,,,BMV-SIC,MXN,America/Mexico_City,LUV,USD,NYSE,America/New_York,activo,Acciones; ETF's (rótulo del PDF),Nasdaq Trader Symbol Directory (sha256 87e0ce9b8306/54992da8be79),ETF=N en directorio. Acción ordinaria.,2026-09-22
SIC:LVS,LVS,*,LVS *,Las Vegas Sands Corp. Common Stock,accion,,,BMV-SIC,MXN,America/Mexico_City,LVS,USD,NYSE,America/New_York,activo,Acciones; ETF's (rótulo del PDF),Nasdaq Trader Symbol Directory (sha256 87e0ce9b8306/54992da8be79),ETF=N en directorio. Acción ordinaria.,2026-09-22
SIC:MA,MA,*,MA *,Mastercard Incorporated Common Stock,accion,,,BMV-SIC,MXN,America/Mexico_City,MA,USD,NYSE,America/New_York,activo,Acciones; ETF's (rótulo del PDF),Nasdaq Trader Symbol Directory (sha256 87e0ce9b8306/54992da8be79),ETF=N en directorio. Acción ordinaria.,2026-09-22
SIC:MARA,MARA,*,MARA *,"MARA Holdings, Inc. - Common Stock",accion,,,BMV-SIC,MXN,America/Mexico_City,MARA,USD,NASDAQ,America/New_York,activo,Acciones; ETF's (rótulo del PDF),Nasdaq Trader Symbol Directory (sha256 87e0ce9b8306/54992da8be79),ETF=N en directorio. Acción ordinaria.,2026-09-22
SIC:MCD,MCD,*,MCD *,McDonald's Corporation Common Stock,accion,,,BMV-SIC,MXN,America/Mexico_City,MCD,USD,NYSE,America/New_York,activo,Acciones; ETF's (rótulo del PDF),Nasdaq Trader Symbol Directory (sha256 87e0ce9b8306/54992da8be79),ETF=N en directorio. Acción ordinaria.,2026-09-22
BMV:MEGA,MEGA,CPO,MEGA CPO,"MEGACABLE HOLDINGS, S.A.B. DE C.V.",accion,,MX,BMV,MXN,America/Mexico_City,BMV:MEGA,MXN,BMV,America/Mexico_City,activo,Acciones; ETF's (rótulo del PDF),BMV Información de emisoras XLS (sha256 6f202ee37815),Clave presente en el listado de emisoras de la BMV.,2026-09-22
SIC:MELI,MELI,N,MELI N,"MercadoLibre, Inc. - Common Stock",accion,,,BMV-SIC,MXN,America/Mexico_City,MELI,USD,NASDAQ,America/New_York,activo,Acciones; ETF's (rótulo del PDF),Nasdaq Trader Symbol Directory (sha256 87e0ce9b8306/54992da8be79),ETF=N en directorio. Acción ordinaria.,2026-09-22
SIC:META,META,*,META *,"Meta Platforms, Inc. - Class A Common Stock",accion,,,BMV-SIC,MXN,America/Mexico_City,META,USD,NASDAQ,America/New_York,activo,Acciones; ETF's (rótulo del PDF),Nasdaq Trader Symbol Directory (sha256 87e0ce9b8306/54992da8be79),ETF=N en directorio. Acción ordinaria.,2026-09-22
BMV:MFRISCO,MFRISCO,A-1,MFRISCO A-1,"MINERA FRISCO, S.A.B. DE C.V.",accion,,MX,BMV,MXN,America/Mexico_City,BMV:MFRISCO,MXN,BMV,America/Mexico_City,activo,Acciones; ETF's (rótulo del PDF),BMV Información de emisoras XLS (sha256 6f202ee37815),Clave presente en el listado de emisoras de la BMV.,2026-09-22
SIC:MRK,MRK,*,MRK *,"Merck & Company, Inc. Common Stock (new)",accion,,,BMV-SIC,MXN,America/Mexico_City,MRK,USD,NYSE,America/New_York,activo,Acciones; ETF's (rótulo del PDF),Nasdaq Trader Symbol Directory (sha256 87e0ce9b8306/54992da8be79),ETF=N en directorio. Acción ordinaria.,2026-09-22
SIC:MRNA,MRNA,*,MRNA *,"Moderna, Inc. - Common Stock",accion,,,BMV-SIC,MXN,America/Mexico_City,MRNA,USD,NASDAQ,America/New_York,activo,Acciones; ETF's (rótulo del PDF),Nasdaq Trader Symbol Directory (sha256 87e0ce9b8306/54992da8be79),ETF=N en directorio. Acción ordinaria.,2026-09-22
SIC:MRO,MRO,*,MRO *,,accion,,,BMV-SIC,MXN,America/Mexico_City,MRO,USD,,America/New_York,deslistado_o_cambio,Acciones; ETF's (rótulo del PDF),Nasdaq Trader Symbol Directory (sha256 87e0ce9b8306/54992da8be79),Símbolo ausente del directorio de EE. UU. vigente. Marathon Oil fue adquirida por ConocoPhillips (2024).,2026-09-22
SIC:MSFT,MSFT,*,MSFT *,Microsoft Corporation - Common Stock,accion,,,BMV-SIC,MXN,America/Mexico_City,MSFT,USD,NASDAQ,America/New_York,activo,Acciones; ETF's (rótulo del PDF),Nasdaq Trader Symbol Directory (sha256 87e0ce9b8306/54992da8be79),ETF=N en directorio. Acción ordinaria.,2026-09-22
SIC:MU,MU,*,MU *,"Micron Technology, Inc. - Common Stock",accion,,,BMV-SIC,MXN,America/Mexico_City,MU,USD,NASDAQ,America/New_York,activo,Acciones; ETF's (rótulo del PDF),Nasdaq Trader Symbol Directory (sha256 87e0ce9b8306/54992da8be79),ETF=N en directorio. Acción ordinaria.,2026-09-22
SIC:NCLH,NCLH,N,NCLH N,Norwegian Cruise Line Holdings Ltd. Ordinary Shares,accion,,,BMV-SIC,MXN,America/Mexico_City,NCLH,USD,NYSE,America/New_York,activo,Acciones; ETF's (rótulo del PDF),Nasdaq Trader Symbol Directory (sha256 87e0ce9b8306/54992da8be79),ETF=N en directorio. Acción ordinaria.,2026-09-22
SIC:NFLX,NFLX,*,NFLX *,"Netflix, Inc. - Common Stock",accion,,,BMV-SIC,MXN,America/Mexico_City,NFLX,USD,NASDAQ,America/New_York,activo,Acciones; ETF's (rótulo del PDF),Nasdaq Trader Symbol Directory (sha256 87e0ce9b8306/54992da8be79),ETF=N en directorio. Acción ordinaria.,2026-09-22
SIC:NKE,NKE,*,NKE *,"Nike, Inc. Common Stock",accion,,,BMV-SIC,MXN,America/Mexico_City,NKE,USD,NYSE,America/New_York,activo,Acciones; ETF's (rótulo del PDF),Nasdaq Trader Symbol Directory (sha256 87e0ce9b8306/54992da8be79),ETF=N en directorio. Acción ordinaria.,2026-09-22
SIC:NU,NU,N,NU N,Nu Holdings Ltd. Class A Ordinary Shares,accion,,,BMV-SIC,MXN,America/Mexico_City,NU,USD,NYSE,America/New_York,activo,Acciones; ETF's (rótulo del PDF),Nasdaq Trader Symbol Directory (sha256 87e0ce9b8306/54992da8be79),ETF=N en directorio. Acción ordinaria.,2026-09-22
SIC:NVAX,NVAX,*,NVAX *,"Novavax, Inc. - Common Stock",accion,,,BMV-SIC,MXN,America/Mexico_City,NVAX,USD,NASDAQ,America/New_York,activo,Acciones; ETF's (rótulo del PDF),Nasdaq Trader Symbol Directory (sha256 87e0ce9b8306/54992da8be79),ETF=N en directorio. Acción ordinaria.,2026-09-22
SIC:NVDA,NVDA,*,NVDA *,NVIDIA Corporation - Common Stock,accion,,,BMV-SIC,MXN,America/Mexico_City,NVDA,USD,NASDAQ,America/New_York,activo,Acciones; ETF's (rótulo del PDF),Nasdaq Trader Symbol Directory (sha256 87e0ce9b8306/54992da8be79),ETF=N en directorio. Acción ordinaria.,2026-09-22
BMV:OMA,OMA,B,OMA B,"GRUPO AEROPORTUARIO DEL CENTRO NORTE, S.A.B. DE C.V.",accion,,MX,BMV,MXN,America/Mexico_City,BMV:OMA,MXN,BMV,America/Mexico_City,activo,Acciones; ETF's (rótulo del PDF),BMV Información de emisoras XLS (sha256 6f202ee37815),Clave presente en el listado de emisoras de la BMV.,2026-09-22
BMV:ORBIA,ORBIA,*,ORBIA *,"ORBIA ADVANCE CORPORATION, S.A.B. DE C.V.",accion,,MX,BMV,MXN,America/Mexico_City,BMV:ORBIA,MXN,BMV,America/Mexico_City,activo,Acciones; ETF's (rótulo del PDF),BMV Información de emisoras XLS (sha256 6f202ee37815),Clave presente en el listado de emisoras de la BMV.,2026-09-22
SIC:ORCL,ORCL,*,ORCL *,Oracle Corporation Common Stock,accion,,,BMV-SIC,MXN,America/Mexico_City,ORCL,USD,NYSE,America/New_York,activo,Acciones; ETF's (rótulo del PDF),Nasdaq Trader Symbol Directory (sha256 87e0ce9b8306/54992da8be79),ETF=N en directorio. Acción ordinaria.,2026-09-22
SIC:OXY1,OXY1,*,OXY1 *,Occidental Petroleum Corporation Common Stock,accion,,,BMV-SIC,MXN,America/Mexico_City,OXY,USD,NYSE,America/New_York,activo,Acciones; ETF's (rótulo del PDF),Nasdaq Trader Symbol Directory (sha256 87e0ce9b8306/54992da8be79),ETF=N en directorio. Acción ordinaria.,2026-09-22
SIC:PARA,PARA,*,PARA *,,accion,,,BMV-SIC,MXN,America/Mexico_City,PARA,USD,,America/New_York,clave_reasignada,Acciones; ETF's (rótulo del PDF),Nasdaq Trader Symbol Directory (sha256 87e0ce9b8306/54992da8be79),"La clave PARA hoy corresponde a «Banzai International, Inc. - Class A Common Stock», no al emisor esperado (paramount). Paramount Global se fusionó con Skydance (2025); nueva clave PSKY.",2026-09-22
BMV:PE&OLES,PE&OLES,*,PE&OLES *,"INDUSTRIAS PEÑOLES, S. A.B. DE C. V.",accion,,MX,BMV,MXN,America/Mexico_City,BMV:PE&OLES,MXN,BMV,America/Mexico_City,activo,Acciones; ETF's (rótulo del PDF),BMV Información de emisoras XLS (sha256 6f202ee37815),Clave presente en el listado de emisoras de la BMV.,2026-09-22
SIC:PEP,PEP,*,PEP *,"PepsiCo, Inc. - Common Stock",accion,,,BMV-SIC,MXN,America/Mexico_City,PEP,USD,NASDAQ,America/New_York,activo,Acciones; ETF's (rótulo del PDF),Nasdaq Trader Symbol Directory (sha256 87e0ce9b8306/54992da8be79),ETF=N en directorio. Acción ordinaria.,2026-09-22
SIC:PFE,PFE,*,PFE *,"Pfizer, Inc. Common Stock",accion,,,BMV-SIC,MXN,America/Mexico_City,PFE,USD,NYSE,America/New_York,activo,Acciones; ETF's (rótulo del PDF),Nasdaq Trader Symbol Directory (sha256 87e0ce9b8306/54992da8be79),ETF=N en directorio. Acción ordinaria.,2026-09-22
SIC:PG,PG,*,PG *,Procter & Gamble Company (The) Common Stock,accion,,,BMV-SIC,MXN,America/Mexico_City,PG,USD,NYSE,America/New_York,activo,Acciones; ETF's (rótulo del PDF),Nasdaq Trader Symbol Directory (sha256 87e0ce9b8306/54992da8be79),ETF=N en directorio. Acción ordinaria.,2026-09-22
BMV:PINFRA,PINFRA,*,PINFRA *,"PROMOTORA Y OPERADORA DE INFRAESTRUCTURA, S.A.B. DE C.V.",accion,,MX,BMV,MXN,America/Mexico_City,BMV:PINFRA,MXN,BMV,America/Mexico_City,activo,Acciones; ETF's (rótulo del PDF),BMV Información de emisoras XLS (sha256 6f202ee37815),Clave presente en el listado de emisoras de la BMV.,2026-09-22
SIC:PINS,PINS,*,PINS *,"Pinterest, Inc. Class A Common Stock",accion,,,BMV-SIC,MXN,America/Mexico_City,PINS,USD,NYSE,America/New_York,activo,Acciones; ETF's (rótulo del PDF),Nasdaq Trader Symbol Directory (sha256 87e0ce9b8306/54992da8be79),ETF=N en directorio. Acción ordinaria.,2026-09-22
SIC:PLTR,PLTR,*,PLTR *,Palantir Technologies Inc. - Class A Common Stock,accion,,,BMV-SIC,MXN,America/Mexico_City,PLTR,USD,NASDAQ,America/New_York,activo,Acciones; ETF's (rótulo del PDF),Nasdaq Trader Symbol Directory (sha256 87e0ce9b8306/54992da8be79),ETF=N en directorio. Acción ordinaria.,2026-09-22
SIC:PYPL,PYPL,*,PYPL *,"PayPal Holdings, Inc. - Common Stock",accion,,,BMV-SIC,MXN,America/Mexico_City,PYPL,USD,NASDAQ,America/New_York,activo,Acciones; ETF's (rótulo del PDF),Nasdaq Trader Symbol Directory (sha256 87e0ce9b8306/54992da8be79),ETF=N en directorio. Acción ordinaria.,2026-09-22
BMV:Q,Q,*,Q *,"QUÁLITAS CONTROLADORA, S.A.B. DE C.V.",accion,,MX,BMV,MXN,America/Mexico_City,BMV:Q,MXN,BMV,America/Mexico_City,activo,Acciones; ETF's (rótulo del PDF),BMV Información de emisoras XLS (sha256 6f202ee37815),Clave presente en el listado de emisoras de la BMV.,2026-09-22
SIC:QCOM,QCOM,*,QCOM *,QUALCOMM Incorporated - Common Stock,accion,,,BMV-SIC,MXN,America/Mexico_City,QCOM,USD,NASDAQ,America/New_York,activo,Acciones; ETF's (rótulo del PDF),Nasdaq Trader Symbol Directory (sha256 87e0ce9b8306/54992da8be79),ETF=N en directorio. Acción ordinaria.,2026-09-22
BMV:R,R,A,R A,"REGIONAL, S.A.B. DE C.V.",accion,,MX,BMV,MXN,America/Mexico_City,BMV:R,MXN,BMV,America/Mexico_City,activo,Acciones; ETF's (rótulo del PDF),BMV Información de emisoras XLS (sha256 6f202ee37815),Clave presente en el listado de emisoras de la BMV.,2026-09-22
SIC:RCL,RCL,*,RCL *,Royal Caribbean Cruises Ltd. Common Stock,accion,,,BMV-SIC,MXN,America/Mexico_City,RCL,USD,NYSE,America/New_York,activo,Acciones; ETF's (rótulo del PDF),Nasdaq Trader Symbol Directory (sha256 87e0ce9b8306/54992da8be79),ETF=N en directorio. Acción ordinaria.,2026-09-22
SIC:RIOT,RIOT,*,RIOT *,"Riot Platforms, Inc. - Common Stock",accion,,,BMV-SIC,MXN,America/Mexico_City,RIOT,USD,NASDAQ,America/New_York,activo,Acciones; ETF's (rótulo del PDF),Nasdaq Trader Symbol Directory (sha256 87e0ce9b8306/54992da8be79),ETF=N en directorio. Acción ordinaria.,2026-09-22
SIC:RIVN,RIVN,*,RIVN *,"Rivian Automotive, Inc. - Class A Common Stock",accion,,,BMV-SIC,MXN,America/Mexico_City,RIVN,USD,NASDAQ,America/New_York,activo,Acciones; ETF's (rótulo del PDF),Nasdaq Trader Symbol Directory (sha256 87e0ce9b8306/54992da8be79),ETF=N en directorio. Acción ordinaria.,2026-09-22
SIC:SBUX,SBUX,*,SBUX *,Starbucks Corporation - Common Stock,accion,,,BMV-SIC,MXN,America/Mexico_City,SBUX,USD,NASDAQ,America/New_York,activo,Acciones; ETF's (rótulo del PDF),Nasdaq Trader Symbol Directory (sha256 87e0ce9b8306/54992da8be79),ETF=N en directorio. Acción ordinaria.,2026-09-22
SIC:SHOP,SHOP,N,SHOP N,Shopify Inc. - Class A Subordinate Voting Shares,accion,,,BMV-SIC,MXN,America/Mexico_City,SHOP,USD,NASDAQ,America/New_York,activo,Acciones; ETF's (rótulo del PDF),Nasdaq Trader Symbol Directory (sha256 87e0ce9b8306/54992da8be79),ETF=N en directorio. Acción ordinaria.,2026-09-22
BMV:SITES1,SITES1,A-1,SITES1 A-1,"OPERADORA DE SITES MEXICANOS, S.A.B. DE C.V.",accion,,MX,BMV,MXN,America/Mexico_City,BMV:SITES1,MXN,BMV,America/Mexico_City,activo,Acciones; ETF's (rótulo del PDF),BMV Información de emisoras XLS (sha256 6f202ee37815),Clave presente en el listado de emisoras de la BMV.,2026-09-22
SIC:SOFI,SOFI,*,SOFI *,"SoFi Technologies, Inc.  - Common Stock",accion,,,BMV-SIC,MXN,America/Mexico_City,SOFI,USD,NASDAQ,America/New_York,activo,Acciones; ETF's (rótulo del PDF),Nasdaq Trader Symbol Directory (sha256 87e0ce9b8306/54992da8be79),ETF=N en directorio. Acción ordinaria.,2026-09-22
SIC:SPCE,SPCE,*,SPCE *,"Virgin Galactic Holdings, Inc. Common Stock",accion,,,BMV-SIC,MXN,America/Mexico_City,SPCE,USD,NYSE,America/New_York,activo,Acciones; ETF's (rótulo del PDF),Nasdaq Trader Symbol Directory (sha256 87e0ce9b8306/54992da8be79),ETF=N en directorio. Acción ordinaria.,2026-09-22
SIC:T,T,*,T *,AT&T Inc.,accion,,,BMV-SIC,MXN,America/Mexico_City,T,USD,NYSE,America/New_York,activo,Acciones; ETF's (rótulo del PDF),Nasdaq Trader Symbol Directory (sha256 87e0ce9b8306/54992da8be79),ETF=N en directorio. Acción ordinaria.,2026-09-22
BMV:TERRA,TERRA,13,TERRA 13,,fibra,,MX,BMV,MXN,America/Mexico_City,BMV:TERRA,MXN,BMV,America/Mexico_City,activo,Acciones; ETF's (rótulo del PDF),BMV Información de emisoras XLS (sha256 6f202ee37815),"CBFI de FIBRA inmobiliaria; la lista XLS de capitales de la BMV no incluye FIBRA, clase asignada por estructura jurídica (fideicomiso).",2026-09-22
SIC:TGT,TGT,*,TGT *,Target Corporation Common Stock,accion,,,BMV-SIC,MXN,America/Mexico_City,TGT,USD,NYSE,America/New_York,activo,Acciones; ETF's (rótulo del PDF),Nasdaq Trader Symbol Directory (sha256 87e0ce9b8306/54992da8be79),ETF=N en directorio. Acción ordinaria.,2026-09-22
BMV:TLEVISA,TLEVISA,CPO,TLEVISA CPO,"GRUPO TELEVISA, S.A.B.",accion,,MX,BMV,MXN,America/Mexico_City,BMV:TLEVISA,MXN,BMV,America/Mexico_City,activo,Acciones; ETF's (rótulo del PDF),BMV Información de emisoras XLS (sha256 6f202ee37815),Clave presente en el listado de emisoras de la BMV.,2026-09-22
SIC:TMO,TMO,*,TMO *,Thermo Fisher Scientific Inc Common Stock,accion,,,BMV-SIC,MXN,America/Mexico_City,TMO,USD,NYSE,America/New_York,activo,Acciones; ETF's (rótulo del PDF),Nasdaq Trader Symbol Directory (sha256 87e0ce9b8306/54992da8be79),ETF=N en directorio. Acción ordinaria.,2026-09-22
SIC:TSLA,TSLA,*,TSLA *,"Tesla, Inc.  - Common Stock",accion,,,BMV-SIC,MXN,America/Mexico_City,TSLA,USD,NASDAQ,America/New_York,activo,Acciones; ETF's (rótulo del PDF),Nasdaq Trader Symbol Directory (sha256 87e0ce9b8306/54992da8be79),ETF=N en directorio. Acción ordinaria.,2026-09-22
SIC:TSM,TSM,N,TSM N,Taiwan Semiconductor Manufacturing Company Ltd.,accion,,,BMV-SIC,MXN,America/Mexico_City,TSM,USD,NYSE,America/New_York,activo,Acciones; ETF's (rótulo del PDF),Nasdaq Trader Symbol Directory (sha256 87e0ce9b8306/54992da8be79),ETF=N en directorio. Acción ordinaria.,2026-09-22
SIC:TX,TX,*,TX *,"Ternium S.A. Ternium S.A. American Depositary Shares (each representing ten shares, USD1.00 par value)",accion,,,BMV-SIC,MXN,America/Mexico_City,TX,USD,NYSE,America/New_York,activo,Acciones; ETF's (rótulo del PDF),Nasdaq Trader Symbol Directory (sha256 87e0ce9b8306/54992da8be79),ETF=N en directorio. Acción (ADR/ADS de emisora extranjera).,2026-09-22
SIC:UAL,UAL,*,UAL *,"United Airlines Holdings, Inc. - Common Stock",accion,,,BMV-SIC,MXN,America/Mexico_City,UAL,USD,NASDAQ,America/New_York,activo,Acciones; ETF's (rótulo del PDF),Nasdaq Trader Symbol Directory (sha256 87e0ce9b8306/54992da8be79),ETF=N en directorio. Acción ordinaria.,2026-09-22
SIC:UBER,UBER,*,UBER *,"Uber Technologies, Inc. Common Stock",accion,,,BMV-SIC,MXN,America/Mexico_City,UBER,USD,NYSE,America/New_York,activo,Acciones; ETF's (rótulo del PDF),Nasdaq Trader Symbol Directory (sha256 87e0ce9b8306/54992da8be79),ETF=N en directorio. Acción ordinaria.,2026-09-22
SIC:UNH,UNH,*,UNH *,UnitedHealth Group Incorporated Common Stock (DE),accion,,,BMV-SIC,MXN,America/Mexico_City,UNH,USD,NYSE,America/New_York,activo,Acciones; ETF's (rótulo del PDF),Nasdaq Trader Symbol Directory (sha256 87e0ce9b8306/54992da8be79),ETF=N en directorio. Acción ordinaria.,2026-09-22
SIC:UPST,UPST,*,UPST *,"Upstart Holdings, Inc. - Common stock",accion,,,BMV-SIC,MXN,America/Mexico_City,UPST,USD,NASDAQ,America/New_York,activo,Acciones; ETF's (rótulo del PDF),Nasdaq Trader Symbol Directory (sha256 87e0ce9b8306/54992da8be79),ETF=N en directorio. Acción ordinaria.,2026-09-22
SIC:V,V,*,V *,Visa Inc.,accion,,,BMV-SIC,MXN,America/Mexico_City,V,USD,NYSE,America/New_York,activo,Acciones; ETF's (rótulo del PDF),Nasdaq Trader Symbol Directory (sha256 87e0ce9b8306/54992da8be79),ETF=N en directorio. Acción ordinaria.,2026-09-22
BMV:VESTA,VESTA,*,VESTA *,"CORPORACIÓN INMOBILIARIA VESTA, S.A.B. DE C.V.",accion,,MX,BMV,MXN,America/Mexico_City,BMV:VESTA,MXN,BMV,America/Mexico_City,activo,Acciones; ETF's (rótulo del PDF),BMV Información de emisoras XLS (sha256 6f202ee37815),Clave presente en el listado de emisoras de la BMV.,2026-09-22
BMV:VOLAR,VOLAR,A,VOLAR A,"CONTROLADORA VUELA COMPAÑÍA DE AVIACIÓN, S.A.B. DE C.V.",accion,,MX,BMV,MXN,America/Mexico_City,BMV:VOLAR,MXN,BMV,America/Mexico_City,activo,Acciones; ETF's (rótulo del PDF),BMV Información de emisoras XLS (sha256 6f202ee37815),Clave presente en el listado de emisoras de la BMV.,2026-09-22
SIC:VZ,VZ,*,VZ *,Verizon Communications Inc. Common Stock,accion,,,BMV-SIC,MXN,America/Mexico_City,VZ,USD,NYSE,America/New_York,activo,Acciones; ETF's (rótulo del PDF),Nasdaq Trader Symbol Directory (sha256 87e0ce9b8306/54992da8be79),ETF=N en directorio. Acción ordinaria.,2026-09-22
BMV:WALMEX,WALMEX,*,WALMEX *,"WAL - MART DE MEXICO, S.A.B. DE C.V.",accion,,MX,BMV,MXN,America/Mexico_City,BMV:WALMEX,MXN,BMV,America/Mexico_City,activo,Acciones; ETF's (rótulo del PDF),BMV Información de emisoras XLS (sha256 6f202ee37815),Clave presente en el listado de emisoras de la BMV.,2026-09-22
SIC:WFC,WFC,*,WFC *,Wells Fargo & Company Common Stock,accion,,,BMV-SIC,MXN,America/Mexico_City,WFC,USD,NYSE,America/New_York,activo,Acciones; ETF's (rótulo del PDF),Nasdaq Trader Symbol Directory (sha256 87e0ce9b8306/54992da8be79),ETF=N en directorio. Acción ordinaria.,2026-09-22
SIC:WMT,WMT,*,WMT *,Walmart Inc. - Common Stock,accion,,,BMV-SIC,MXN,America/Mexico_City,WMT,USD,NASDAQ,America/New_York,activo,Acciones; ETF's (rótulo del PDF),Nasdaq Trader Symbol Directory (sha256 87e0ce9b8306/54992da8be79),ETF=N en directorio. Acción ordinaria.,2026-09-22
SIC:XOM,XOM,*,XOM *,ExxonMobil Holdings Corporation Common Stock,accion,,,BMV-SIC,MXN,America/Mexico_City,XOM,USD,NYSE,America/New_York,activo,Acciones; ETF's (rótulo del PDF),Nasdaq Trader Symbol Directory (sha256 87e0ce9b8306/54992da8be79),ETF=N en directorio. Acción ordinaria.,2026-09-22
SIC:XYZ,XYZ,*,XYZ *,"Block, Inc. Class A Common Stock,",accion,,,BMV-SIC,MXN,America/Mexico_City,XYZ,USD,NYSE,America/New_York,activo,Acciones; ETF's (rótulo del PDF),Nasdaq Trader Symbol Directory (sha256 87e0ce9b8306/54992da8be79),ETF=N en directorio. Acción ordinaria.,2026-09-22
SIC:ZM,ZM,*,ZM *,"Zoom Communications, Inc. - Class A Common Stock",accion,,,BMV-SIC,MXN,America/Mexico_City,ZM,USD,NASDAQ,America/New_York,activo,Acciones; ETF's (rótulo del PDF),Nasdaq Trader Symbol Directory (sha256 87e0ce9b8306/54992da8be79),ETF=N en directorio. Acción ordinaria.,2026-09-22
SIC:IVV,IVV,*,IVV *,iShares Core S&P 500 ETF,etf,renta_variable_eeuu,,BMV-SIC,MXN,America/Mexico_City,IVV,USD,NYSE Arca,America/New_York,activo,,Nasdaq Trader Symbol Directory (sha256 87e0ce9b8306/54992da8be79),ETF=Y en directorio de EE. UU. Disponibilidad en el SIC vía Actinver: por confirmar por el usuario.,2026-09-22
SIC:VOO,VOO,*,VOO *,Vanguard S&P 500 ETF,etf,renta_variable_eeuu,,BMV-SIC,MXN,America/Mexico_City,VOO,USD,NYSE Arca,America/New_York,activo,,Nasdaq Trader Symbol Directory (sha256 87e0ce9b8306/54992da8be79),ETF=Y en directorio de EE. UU. Disponibilidad en el SIC vía Actinver: por confirmar por el usuario.,2026-09-22
SIC:QQQ,QQQ,*,QQQ *,"Invesco QQQ Trust, Series 1",etf,renta_variable_eeuu,,BMV-SIC,MXN,America/Mexico_City,QQQ,USD,NASDAQ,America/New_York,activo,,Nasdaq Trader Symbol Directory (sha256 87e0ce9b8306/54992da8be79),ETF=Y en directorio de EE. UU. Disponibilidad en el SIC vía Actinver: por confirmar por el usuario.,2026-09-22
SIC:VEA,VEA,*,VEA *,Vanguard FTSE Developed Markets ETF,etf,renta_variable_desarrollados,,BMV-SIC,MXN,America/Mexico_City,VEA,USD,NYSE Arca,America/New_York,activo,,Nasdaq Trader Symbol Directory (sha256 87e0ce9b8306/54992da8be79),ETF=Y en directorio de EE. UU. Disponibilidad en el SIC vía Actinver: por confirmar por el usuario.,2026-09-22
SIC:VWO,VWO,*,VWO *,Vanguard FTSE Emerging Markets ETF,etf,renta_variable_emergentes,,BMV-SIC,MXN,America/Mexico_City,VWO,USD,NYSE Arca,America/New_York,activo,,Nasdaq Trader Symbol Directory (sha256 87e0ce9b8306/54992da8be79),ETF=Y en directorio de EE. UU. Disponibilidad en el SIC vía Actinver: por confirmar por el usuario.,2026-09-22
SIC:AGG,AGG,*,AGG *,iShares Core U.S. Aggregate Bond ETF,etf,deuda_usd,,BMV-SIC,MXN,America/Mexico_City,AGG,USD,NYSE Arca,America/New_York,activo,,Nasdaq Trader Symbol Directory (sha256 87e0ce9b8306/54992da8be79),ETF=Y en directorio de EE. UU. Disponibilidad en el SIC vía Actinver: por confirmar por el usuario.,2026-09-22
SIC:IEF,IEF,*,IEF *,iShares 7-10 Year Treasury Bond ETF,etf,deuda_usd,,BMV-SIC,MXN,America/Mexico_City,IEF,USD,NASDAQ,America/New_York,activo,,Nasdaq Trader Symbol Directory (sha256 87e0ce9b8306/54992da8be79),ETF=Y en directorio de EE. UU. Disponibilidad en el SIC vía Actinver: por confirmar por el usuario.,2026-09-22
SIC:SHV,SHV,*,SHV *,iShares 0-1 Year Treasury Bond ETF,etf,deuda_usd_corto,,BMV-SIC,MXN,America/Mexico_City,SHV,USD,NYSE,America/New_York,activo,,Nasdaq Trader Symbol Directory (sha256 87e0ce9b8306/54992da8be79),ETF=Y en directorio de EE. UU. Disponibilidad en el SIC vía Actinver: por confirmar por el usuario.,2026-09-22
SIC:IAU,IAU,*,IAU *,iShares Gold Trust Shares,etf,materias_primas_oro,,BMV-SIC,MXN,America/Mexico_City,IAU,USD,NYSE Arca,America/New_York,activo,,Nasdaq Trader Symbol Directory (sha256 87e0ce9b8306/54992da8be79),ETF=Y en directorio de EE. UU. Disponibilidad en el SIC vía Actinver: por confirmar por el usuario.,2026-09-22
SIC:VNQ,VNQ,*,VNQ *,Vanguard Real Estate ETF,etf,bienes_raices_eeuu,,BMV-SIC,MXN,America/Mexico_City,VNQ,USD,NYSE Arca,America/New_York,activo,,Nasdaq Trader Symbol Directory (sha256 87e0ce9b8306/54992da8be79),ETF=Y en directorio de EE. UU. Disponibilidad en el SIC vía Actinver: por confirmar por el usuario.,2026-09-22
BMV:SMARTRC,SMARTRC,,SMARTRC,Tracker de Actinver sobre Morningstar Mexico Quality Value,etf,renta_variable_mx,MX,BMV,MXN,America/Mexico_City,BMV:SMARTRC,MXN,BMV,America/Mexico_City,activo,,https://actinver.com/smartrc,Tracker listado por Actinver en su página de ETF/Trackers.,2026-09-22
BMV:ANGELD,ANGELD,,ANGELD,Tracker de Actinver 2x IPC diario: excluido por apalancamiento,etf,apalancado_2x,MX,BMV,MXN,America/Mexico_City,BMV:ANGELD,MXN,BMV,America/Mexico_City,excluido,,https://actinver.com/angeld,Tracker listado por Actinver en su página de ETF/Trackers.,2026-09-22
BMV:DIABLOI,DIABLOI,,DIABLOI,Tracker de Actinver inverso al IPC: excluido por ser inverso,etf,inverso,MX,BMV,MXN,America/Mexico_City,BMV:DIABLOI,MXN,BMV,America/Mexico_City,excluido,,https://actinver.com/diabloi,Tracker listado por Actinver en su página de ETF/Trackers.,2026-09-22
FONDO:ACTDUAL,ACTDUAL,B,ACTDUAL B,Deuda; optimiza asignación entre pesos y dólares,fondo_deuda,Deuda en pesos - Especializada,MX,Fondos Actinver,MXN,America/Mexico_City,52_ACTDUAL_B,MXN,Operadora Actinver,America/Mexico_City,activo,Fondos,https://actinver.com/actdual,"Deuda en pesos - Especializada; compra diaria, venta diaria, liquidación 24 h.",2026-09-22
FONDO:ACTI500,ACTI500,B,ACTI500 B,Busca replicar el S&P 500 mediante ETF,fondo_renta_variable,Renta variable - Global,MX,Fondos Actinver,MXN,America/Mexico_City,52_ACTI500_B,MXN,Operadora Actinver,America/Mexico_City,activo,Fondos,https://actinver.com/acti500,"Renta variable - Global; compra diaria, venta diaria, liquidación 24 h.",2026-09-22
FONDO:ACTIAI,ACTIAI,B,ACTIAI B,Renta variable global temática de inteligencia artificial,fondo_renta_variable,Renta variable - Global,MX,Fondos Actinver,MXN,America/Mexico_City,52_ACTIAI_B,MXN,Operadora Actinver,America/Mexico_City,activo,Fondos,https://actinver.com/actiai,"Renta variable - Global; compra diaria, venta diaria, liquidación 24 h.",2026-09-22
FONDO:ACTICOB,ACTICOB,B,ACTICOB B,"Deuda en dólares de corto plazo, riesgo bajo a moderado",fondo_deuda,Deuda internacional - En dólares,MX,Fondos Actinver,MXN,America/Mexico_City,51_ACTICOB_B,MXN,Operadora Actinver,America/Mexico_City,activo,Fondos,https://actinver.com/acticob,"Deuda internacional - En dólares; compra diaria, venta diaria, liquidación 48 h.",2026-09-22
FONDO:ACTICRE,ACTICRE,B,ACTICRE B,Acciones mexicanas con enfoque de valor,fondo_renta_variable,Renta variable - Local,MX,Fondos Actinver,MXN,America/Mexico_City,52_ACTICRE_B,MXN,Operadora Actinver,America/Mexico_City,activo,Fondos,https://actinver.com/acticre,"Renta variable - Local; compra diaria, venta diaria, liquidación 24 h.",2026-09-22
FONDO:ACTIG+,ACTIG+,B,ACTIG+ B,Deuda con rentas mensuales; compras y ventas anuales,fondo_deuda,Deuda en pesos - Especializada,MX,Fondos Actinver,MXN,America/Mexico_City,51_ACTIG+_B,MXN,Operadora Actinver,America/Mexico_City,activo,Fondos,https://actinver.com/actig-,"Deuda en pesos - Especializada; compra anual, venta anual, liquidación 48 h.",2026-09-22
FONDO:ACTIG+2,ACTIG+2,B,ACTIG+2 B,Deuda con rentas mensuales; compras y ventas anuales,fondo_deuda,Deuda en pesos - Especializada,MX,Fondos Actinver,MXN,America/Mexico_City,51_ACTIG+2_B,MXN,Operadora Actinver,America/Mexico_City,activo,Fondos,https://actinver.com/actig-2,"Deuda en pesos - Especializada; compra anual, venta anual, liquidación 48 h.",2026-09-22
FONDO:ACTIGOB,ACTIGOB,B,ACTIGOB B,"Deuda 100 % gubernamental, riesgo bajo",fondo_deuda,Deuda en pesos - Primaria,MX,Fondos Actinver,MXN,America/Mexico_City,51_ACTIGOB_B,MXN,Operadora Actinver,America/Mexico_City,activo,Fondos,https://actinver.com/actigob,"Deuda en pesos - Primaria; compra diaria, venta diaria, liquidación mismo día.",2026-09-22
FONDO:ACTIMED,ACTIMED,B,ACTIMED B,Deuda gubernamental y corporativa de mediano plazo,fondo_deuda,Deuda en pesos - Primaria,MX,Fondos Actinver,MXN,America/Mexico_City,51_ACTIMED_B,MXN,Operadora Actinver,America/Mexico_City,activo,Fondos,https://actinver.com/actimed,"Deuda en pesos - Primaria; compra diaria, venta diaria, liquidación 24 h.",2026-09-22
FONDO:ACTIPLU,ACTIPLU,B,ACTIPLU B,"Deuda de largo plazo en dólares, riesgo moderado a alto",fondo_deuda,Deuda internacional - En dólares,MX,Fondos Actinver,MXN,America/Mexico_City,51_ACTIPLU_B,MXN,Operadora Actinver,America/Mexico_City,activo,Fondos,https://actinver.com/actiplu,"Deuda internacional - En dólares; compra diaria, venta diaria, liquidación 48 h.",2026-09-22
FONDO:ACTIREN,ACTIREN,B,ACTIREN B,Deuda gubernamental y corporativa de corto plazo,fondo_deuda,Deuda en pesos - Primaria,MX,Fondos Actinver,MXN,America/Mexico_City,51_ACTIREN_B,MXN,Operadora Actinver,America/Mexico_City,activo,Fondos,https://actinver.com/actiren,"Deuda en pesos - Primaria; compra diaria, venta diaria, liquidación mismo día.",2026-09-22
FONDO:ACTIVAR,ACTIVAR,B,ACTIVAR B,Pasivo; replica el índice de la BMV,fondo_renta_variable,Renta variable - Local,MX,Fondos Actinver,MXN,America/Mexico_City,52_ACTIVAR_B,MXN,Operadora Actinver,America/Mexico_City,activo,Fondos,https://actinver.com/activar,"Renta variable - Local; compra diaria, venta diaria, liquidación 24 h.",2026-09-22
FONDO:ALTERN,ALTERN,B,ALTERN B,Deuda gubernamental y corporativa de cualquier plazo,fondo_deuda,Deuda en pesos - Primaria,MX,Fondos Actinver,MXN,America/Mexico_City,51_ALTERN_B,MXN,Operadora Actinver,America/Mexico_City,activo,Fondos,https://actinver.com/altern,"Deuda en pesos - Primaria; compra diaria, venta diaria, liquidación 24 h.",2026-09-22
FONDO:DINAMO,DINAMO,B,DINAMO B,Multiactivo global asesorado por J.P. Morgan AM,fondo_multiactivo,Multiactivos,MX,Fondos Actinver,MXN,America/Mexico_City,52_DINAMO_B,MXN,Operadora Actinver,America/Mexico_City,activo,Fondos,https://actinver.com/dinamo,"Multiactivos; compra diaria, venta diaria, liquidación 24 h.",2026-09-22
FONDO:ESCALA,ESCALA,B,ESCALA B,Bonos corporativos de EE. UU. con grado de inversión,fondo_deuda,Deuda internacional - En dólares,MX,Fondos Actinver,MXN,America/Mexico_City,51_ESCALA_B,MXN,Operadora Actinver,America/Mexico_City,activo,Fondos,https://actinver.com/escala,"Deuda internacional - En dólares; compra diaria, venta diaria, liquidación 48 h.",2026-09-22
FONDO:ESFERA,ESFERA,B,ESFERA B,Renta variable europea (referencia VGK),fondo_renta_variable,Renta variable - Global,MX,Fondos Actinver,MXN,America/Mexico_City,52_ESFERA_B,MXN,Operadora Actinver,America/Mexico_City,activo,Fondos,https://actinver.com/esfera,"Renta variable - Global; compra diaria, venta diaria, liquidación 24 h.",2026-09-22
FONDO:JPMRVUS,JPMRVUS,B,JPMRVUS B,"Acciones de EE. UU. value y growth, asesorado por J.P. Morgan AM",fondo_renta_variable,Renta variable - Global,MX,Fondos Actinver,MXN,America/Mexico_City,52_JPMRVUS_B-1,MXN,Operadora Actinver,America/Mexico_City,activo,Fondos,https://actinver.com/jpmrvus,"Renta variable - Global; compra diaria, venta diaria, liquidación 24 h.",2026-09-22
FONDO:MAXIMO,MAXIMO,B,MAXIMO B,Bonos corporativos en pesos y dólares con coberturas; ventana trimestral,fondo_deuda,Deuda en pesos - Especializada,MX,Fondos Actinver,MXN,America/Mexico_City,51_MAXIMO_B,MXN,Operadora Actinver,America/Mexico_City,activo,Fondos,https://actinver.com/maximo,"Deuda en pesos - Especializada; compra trimestral, venta trimestral, liquidación 24 h.",2026-09-22
FONDO:MAYA,MAYA,B,MAYA B,Acciones mexicanas,fondo_renta_variable,Renta variable - Local,MX,Fondos Actinver,MXN,America/Mexico_City,52_MAYA_B,MXN,Operadora Actinver,America/Mexico_City,activo,Fondos,https://actinver.com/maya,"Renta variable - Local; compra diaria, venta diaria, liquidación 24 h.",2026-09-22
FONDO:OPORT1,OPORT1,B,OPORT1 B,Renta variable EE. UU. y México,fondo_renta_variable,Renta variable - Global,MX,Fondos Actinver,MXN,America/Mexico_City,52_OPORT1_B,MXN,Operadora Actinver,America/Mexico_City,activo,Fondos,https://actinver.com/oport1,"Renta variable - Global; compra diaria, venta diaria, liquidación 24 h.",2026-09-22
FONDO:ROBOTIK,ROBOTIK,B,ROBOTIK B,Renta variable global temática de automatización y robótica,fondo_renta_variable,Renta variable - Global,MX,Fondos Actinver,MXN,America/Mexico_City,52_ROBOTIK_B,MXN,Operadora Actinver,America/Mexico_City,activo,Fondos,https://actinver.com/robotik,"Renta variable - Global; compra diaria, venta diaria, liquidación 24 h.",2026-09-22
FONDO:SALUD,SALUD,B,SALUD B,Renta variable global del sector salud,fondo_renta_variable,Renta variable - Global,MX,Fondos Actinver,MXN,America/Mexico_City,52_SALUD_B,MXN,Operadora Actinver,America/Mexico_City,activo,Fondos,https://actinver.com/salud,"Renta variable - Global; compra diaria, venta diaria, liquidación 24 h.",2026-09-22
FONDO:TEMATIK,TEMATIK,B,TEMATIK B,Renta variable global temática con enfoque ASG,fondo_renta_variable,Renta variable - Global,MX,Fondos Actinver,MXN,America/Mexico_City,52_TEMATIK_B,MXN,Operadora Actinver,America/Mexico_City,activo,Fondos,https://actinver.com/tematik,"Renta variable - Global; compra diaria, venta diaria, liquidación 24 h.",2026-09-22
